{
"metadata": {
    "version": 3,
    "type": "geometry",
    "generator": "GeometryExporter"
},

"materials": [
	{
	"DbgIndex" : 0,
	"mapDiffuse" : "Material.jpg",
	"opacity" : 1.0,
	"diffuse": [0.8,0.8,0.8],
	"specular": [0.2,0.2,0.2]
	},
	{
	"DbgIndex" : 1,
	"mapDiffuse" : "default-grey.jpg",
	"opacity" : 1.0,
	"diffuse": [0.8,0.8,0.8],
	"specular": [0.2,0.2,0.2]
	}
],
"normals": [],
"colors": [],
"vertices": [
1.015625,1.093750,1.015625,
0.937500,1.093750,1.093750,
1.093750,0.937500,1.093750,
0.937500,0.937500,1.250000,
0.937500,-0.937500,1.250000,
-0.937500,0.937500,1.250000,
-0.937500,-0.937500,1.250000,
-1.093750,0.937500,1.093750,
-1.093750,-0.937500,1.093750,
1.015625,-1.093750,-1.015625,
0.937500,-1.093750,-1.093750,
1.093750,-0.937500,-1.093750,
0.937500,-0.937500,-1.250000,
1.093750,0.937500,-1.093750,
0.937500,0.937500,-1.250000,
1.015625,1.093750,-1.015625,
0.937500,1.093750,-1.093750,
1.015625,1.093750,-1.015625,
1.093750,1.093750,-0.937500,
1.093750,0.937500,-1.093750,
1.250000,0.937500,-0.937500,
1.093750,-0.937500,-1.093750,
1.250000,-0.937500,-0.937500,
1.015625,-1.093750,-1.015625,
1.093750,-1.093750,-0.937500,
-1.015625,1.093750,-1.015625,
-1.093750,0.937500,-1.093750,
-1.250000,0.937500,-0.937500,
-1.250000,-0.937500,-0.937500,
-1.250000,-0.937500,0.937500,
-1.093750,-1.093750,0.937500,
-1.015625,-1.093750,1.015625,
-1.015625,1.093750,-1.015625,
-1.093750,1.093750,-0.937500,
-0.937500,1.250000,-0.937500,
-1.093750,1.093750,0.937500,
-0.937500,1.250000,0.937500,
-1.015625,1.093750,1.015625,
-0.937500,1.093750,1.093750,
0.937500,-1.093750,1.093750,
-0.937500,-1.093750,1.093750,
-1.015625,-1.093750,1.015625,
1.093750,-1.093750,0.937500,
1.250000,-0.937500,0.937500,
1.015625,-1.093750,1.015625,
1.093750,-0.937500,1.093750,
0.937500,-1.093750,-1.093750,
0.937500,-1.250000,-0.937500,
-0.937500,-1.093750,-1.093750,
-0.937500,-1.250000,-0.937500,
-1.015625,-1.093750,-1.015625,
-1.093750,-1.093750,-0.937500,
-1.015625,1.093750,1.015625,
-1.093750,1.093750,0.937500,
-1.250000,0.937500,0.937500,
-1.093750,1.093750,-0.937500,
-1.093750,-0.937500,1.093750,
-1.093750,0.937500,1.093750,
-1.015625,-1.093750,-1.015625,
-1.093750,-0.937500,-1.093750,
-0.937500,-0.937500,-1.250000,
-1.093750,0.937500,-1.093750,
-0.937500,0.937500,-1.250000,
-1.015625,1.093750,-1.015625,
0.937500,1.093750,-1.093750,
0.937500,1.250000,-0.937500,
0.937500,1.250000,0.937500,
1.015625,-1.093750,-1.015625,
1.093750,-1.093750,-0.937500,
1.093750,-1.093750,0.937500,
-0.937500,1.093750,-1.093750,
1.015625,1.093750,1.015625,
1.093750,0.937500,1.093750,
1.250000,0.937500,0.937500,
0.937500,1.093750,1.093750,
1.015625,1.093750,1.015625,
1.093750,1.093750,0.937500,
-0.937500,1.093750,1.093750,
-1.015625,1.093750,1.015625,
1.093750,1.093750,-0.937500,
1.015625,1.093750,-1.015625,
-1.093750,-0.937500,-1.093750,
-1.015625,-1.093750,-1.015625,
-1.093750,-1.093750,-0.937500,
1.015625,-1.093750,1.015625,
0.937500,-1.250000,0.937500,
0.937500,-1.093750,1.093750,
-0.937500,-1.093750,1.093750,
-1.015625,-1.093750,1.015625,
-0.937500,-1.250000,0.937500,
-1.093750,-1.093750,0.937500,
1.093750,1.093750,0.937500,
-0.937500,-1.093750,-1.093750,
-0.937500,1.093750,-1.093750,
1.015625,-1.093750,1.015625,
1.093750,-0.937500,1.093750
],
"uvs": [[
0.963867,0.000000,
0.928711,0.000000,
1.000000,-0.071289,
0.928711,-0.071289,
0.928711,-0.928711,
0.071289,-0.071289,
0.071289,-0.928711,
0.000000,-0.071289,
0.000000,-0.928711,
0.036133,-1.000000,
0.071289,-1.000000,
0.000000,-0.928711,
0.071289,-0.928711,
0.000000,-0.071289,
0.071289,-0.071289,
0.036133,0.000000,
0.071289,0.000000,
0.963867,0.000000,
0.928711,0.000000,
1.000000,-0.071289,
0.928711,-0.071289,
1.000000,-0.928711,
0.928711,-0.928711,
0.963867,-1.000000,
0.928711,-1.000000,
0.036133,0.000000,
0.000000,-0.071289,
0.071289,-0.071289,
0.071289,-0.928711,
0.928711,-0.928711,
0.928711,-1.000000,
0.963867,-1.000000,
0.036133,-0.963867,
0.071289,-1.000000,
0.071289,-0.928711,
0.928711,-1.000000,
0.928711,-0.928711,
0.963867,-0.963867,
1.000000,-0.928711,
0.928711,-1.000000,
0.071289,-1.000000,
0.036133,-1.000000,
0.071289,-1.000000,
0.071289,-0.928711,
0.036133,-1.000000,
0.000000,-0.928711,
0.000000,-0.928711,
0.071289,-0.928711,
0.000000,-0.071289,
0.071289,-0.071289,
0.036133,-0.036133,
0.071289,0.000000,
0.963867,0.000000,
0.928711,0.000000,
0.928711,-0.071289,
0.071289,0.000000,
1.000000,-0.928711,
1.000000,-0.071289,
0.963867,-1.000000,
1.000000,-0.928711,
0.928711,-0.928711,
1.000000,-0.071289,
0.928711,-0.071289,
0.963867,0.000000,
0.000000,-0.071289,
0.071289,-0.071289,
0.928711,-0.071289,
0.036133,-0.963867,
0.071289,-1.000000,
0.928711,-1.000000,
0.928711,0.000000,
0.036133,0.000000,
0.000000,-0.071289,
0.071289,-0.071289,
1.000000,-0.071289,
0.963867,-0.036133,
0.928711,0.000000,
0.071289,0.000000,
0.036133,0.000000,
0.071289,0.000000,
0.036133,-0.036133,
0.000000,-0.928711,
0.036133,-1.000000,
0.071289,-1.000000,
0.963867,-0.963867,
0.928711,-0.928711,
1.000000,-0.928711,
1.000000,-0.071289,
0.963867,-0.036133,
0.928711,-0.071289,
0.928711,0.000000,
0.071289,0.000000,
0.928711,-1.000000,
0.000000,-0.928711,
0.963867,-1.000000,
1.000000,-0.928711
]],